model,method,record_id,auto_category,generated,gold_new,gold_old,human_category,notes
qwen-2.5-7b,iti,P6:Q794:Q348144->Q5947347@2021-08-03,new,"The head of government of Iran is the President of Iran. The current President of Iran is Ebrahim Raisi, who",Ebrahim Raisi,Hassan Rouhani,,
qwen-2.5-1.5b,instruction,P488:Q82558:Q63759289->Q106339676@2019-09-14,definitional,The chairperson of the Animalist Party with the Environment is a member of the party who is responsible for leading the party's,Laura Duarte Domínguez,Silvia Barquero Nogales,,
qwen-2.5-7b,date_prefix,P6:Q17:Q132345->Q122465@2020-09-16,new,The head of government of Japan in 2020 is Yoshihide Suga. He has been the Prime Minister of,Yoshihide Suga,Shinzō Abe,,
qwen-2.5-7b,standard,P488:Q1937121:Q77387->Q61051@2013-10-01,definitional,The chairperson of the Conference of Ministers-President is the President of the Conference of Ministers-President. The Conference of Ministers-President is,Winfried Kretschmann,Christine Lieberknecht,,
qwen-2.5-7b,iti,P6:Q17:Q132345->Q122465@2020-09-16,other_entity,The head of government of Japan is the Prime Minister. The current Prime Minister of Japan is Fumio Kishida.,Yoshihide Suga,Shinzō Abe,,
mistral-7b-v0.3,date_prefix,P286:Q754410:Q1336392->Q29782@2010-01-01,new,Answer: Alois Hadamczik,Alois Hadamczik,Vladimír Růžička,,
qwen-2.5-7b,standard,P35:Q786:Q57429->Q16594097@2020-08-16,new,The head of state of the Dominican Republic is the President. The current President of the Dominican Republic is Luis Abinader.,Luis Abinader,Danilo Medina,,
qwen-2.5-7b,iti,P488:Q9630:Q291169->Q6383803@2020-04-04,definitional,Answer the above question based on the context below:  The Labour Party was formed in 1906 as a,Keir Starmer,Jeremy Corbyn,,
llama-3.1-8b,iti,P488:Q6373:Q7327231->Q332493@2021-10-04,other_entity,"Nicolò Dell’Unto, the chair of the British Museum, has announced that he will step down from his role at",George Osborne,Richard Lambert,,
mistral-7b-v0.3,instruction,P6:Q171224:Q6418596->Q28162495@2017-01-09,new,The mayor of Eugene is Lucy Vinis.,Lucy Vinis,Kitty Piercy,,
mistral-7b-v0.3,iti,P286:Q1544869:Q3013100->Q275350@2021-05-31,new,Seattle Storm head coach Noelle Quinn has been named the 2021 WNBA Coach of the,Noelle Quinn,Dan Hughes,,
qwen-2.5-7b,instruction,P35:Q224:Q3176299->Q57687@2020-02-19,old,The current head of state of Croatia is Kolinda Grabar-Kitarović.,Zoran Milanović,Kolinda Grabar-Kitarović,,
llama-3.1-8b,iti,P6:Q47037646:Q25189200->Q39073800@2019-10-30,old,Mayor Justin Lester.,Andy Foster,Justin Lester,,
llama-3.1-8b,tas,P488:Q106306784:Q39318->Q1396120@2022-07-01,empty,,Yair Lapid,Naftali Bennett,,
qwen-2.5-7b,instruction,P488:Q1043527:Q51440460->Q104025142@2019-12-16,other_entity,The Multilateral Investment Guarantee Agency (MIGA) is a member of the World Bank Group. The current chairperson of,Hiroshi Matano,Keiko Honda,,
qwen-2.5-1.5b,iti,P35:Q854:Q57338->Q6737124@2015-01-09,definitional,The head of state of Sri Lanka is the President.,Maithripala Sirisena,Mahinda Rajapaksa,,
qwen-2.5-1.5b,instruction,P35:Q854:Q57338->Q6737124@2015-01-09,new,President Maithripala Sirisena,Maithripala Sirisena,Mahinda Rajapaksa,,
llama-3.1-8b,standard,P6:Q47037646:Q5058025->Q25189200@2016-10-26,new,The Mayor of Wellington is the head of the city council. The current Mayor is Justin Lester. The Mayor is elected by the,Justin Lester,Celia Wade-Brown,,
llama-3.1-8b,standard,P286:Q81888:Q2844569->Q348301@2022-07-01,old,The head coach of AFC Ajax is Erik ten Hag. He is a Dutch professional football manager and former player who is the current,Alfred Schreuder,Erik ten Hag,,
qwen-2.5-1.5b,standard,P488:Q1091495:Q58902699->Q3790254@2021-08-01,other_entity,A. Minister of Transportation B. Minister of Housing and Urban-Rural Development C. Minister of Land and Resources D. Minister,Rostam Qasemi,Mohammad Eslami,,
qwen-2.5-7b,date_prefix,P6:Q6543:Q2570032->Q56640286@2018-01-01,other_entity,"In 2018, the head of government of Khakassia was Vladimir Shcherbakov. He served",Valentin Konovalov,Viktor Zimin,,
qwen-2.5-7b,instruction,P6:Q778:Q57705->Q16732648@2017-05-11,definitional,"The head of government of The Bahamas is the Prime Minister. As of 2021, the Prime Minister of The",Hubert Minnis,Perry Christie,,
mistral-7b-v0.3,tas,P286:Q224164:Q5570448->Q105047674@2023-01-01,old,Kliff Kingsbury,Jonathan Gannon,Kliff Kingsbury,,
llama-3.1-8b,iti,P488:Q105112:Q2740012->Q4935873@2021-11-04,old,Stefan Löfven,Magdalena Andersson,Stefan Löfven,,
qwen-2.5-1.5b,tas,P488:Q9630:Q291169->Q6383803@2020-04-04,old,A. Jeremy Corbyn B. Ed Miliband C. Nick Clegg D. Nick Clegg,Keir Starmer,Jeremy Corbyn,,
qwen-2.5-1.5b,date_prefix,P488:Q9630:Q291169->Q6383803@2020-04-04,old,A. Jeremy Corbyn B. Nicola Sturgeon C. Boris Johnson D. Theresa May,Keir Starmer,Jeremy Corbyn,,
mistral-7b-v0.3,iti,P286:Q754410:Q1336392->Q29782@2010-01-01,definitional,The Czech Republic men's national ice hockey team (Czech: Česká republika v led,Alois Hadamczik,Vladimír Růžička,,
mistral-7b-v0.3,date_prefix,P35:Q884:Q21001->Q16090635@2022-05-10,new,The head of state of South Korea is Yoon Suk-yeol.,Yoon Suk Yeol,Moon Jae-in,,
mistral-7b-v0.3,iti,P6:Q192758:Q24083250->Q26156505@2016-01-01,definitional,The head of government of Râmnicu Vâlcea is the mayor of Râmnic,Mircia Gutău,Emilian Valentin Frâncu,,
llama-3.1-8b,date_prefix,P6:Q389371:Q5349705->Q25438801@2015-01-01,definitional,Who is the head of government of Leksvik Municipality?,Steinar Saghaug,Einar Strøm,,
llama-3.1-8b,tas,P488:Q1142687:Q30184731->Q13434626@2020-01-25,empty,,Marian Jurečka,Marek Výborný,,
mistral-7b-v0.3,iti,P286:Q224164:Q5570448->Q105047674@2023-01-01,old,Kliff Kingsbury,Jonathan Gannon,Kliff Kingsbury,,
mistral-7b-v0.3,standard,P286:Q19500:Q372372->Q56434101@2021-07-01,old,Nuno Espírito Santo (born 25 July 1974) is a Portuguese professional,Bruno Lage,Nuno Espírito Santo,,
llama-3.1-8b,instruction,P286:Q13361030:Q24082703->Q1784080@2020-01-06,definitional,What is the name of the stadium where New York City FC plays? What is the name of the team's mascot? What,Ronny Deila,Domènec Torrent,,
qwen-2.5-1.5b,tas,P488:Q1684235:Q28101288->Q3127979@2017-01-01,other_entity,A: John H. G. B. B: John H. G. B. C: John H. G.,Hartmut Kommerell,Marco Teubner,,
qwen-2.5-1.5b,date_prefix,P6:Q794:Q34448->Q348144@2013-08-03,new,Hassan Rouhani,Hassan Rouhani,Mahmoud Ahmadinejad,,
llama-3.1-8b,iti,P169:Q156578:Q68355->Q1910173@2015-09-01,old,Martin Winterkorn,Matthias Müller,Martin Winterkorn,,
mistral-7b-v0.3,tas,P286:Q172969:Q15896123->Q2032119@2021-07-01,definitional,FC Shakhtar Donetsk is a Ukrainian professional football club based in Donetsk. The club,Roberto De Zerbi,Luís Castro,,
qwen-2.5-7b,standard,P169:Q156578:Q68355->Q1910173@2015-09-01,other_entity,The chief executive officer (CEO) of Volkswagen Group is Herbert Diess. He has been in this position since October 2,Matthias Müller,Martin Winterkorn,,
llama-3.1-8b,standard,P286:Q13361030:Q24082703->Q1784080@2020-01-06,new,The New York City FC head coach is Ronny Deila. Ronny Deila is a Norwegian professional football manager and former,Ronny Deila,Domènec Torrent,,
mistral-7b-v0.3,standard,P286:Q19473:Q28925194->Q5220807@2020-07-20,other_entity,David Wagner is the head coach of Huddersfield Town A.F.C. He is a German football,Danny Schofield,Danny Cowley,,
llama-3.1-8b,iti,P6:Q5851:Q2587229->Q41657764@2017-10-06,other_entity,Nicolai Vinnichenko,Andrei Travnikov,Vladimir Gorodetsky,,
qwen-2.5-1.5b,iti,P488:Q9630:Q291169->Q6383803@2020-04-04,new,The chairperson of the Labour Party is Keir Starmer. He is the leader of the Labour Party in the United Kingdom,Keir Starmer,Jeremy Corbyn,,
llama-3.1-8b,date_prefix,P6:Q236:Q97999161->Q16353146@2022-04-28,new,The Prime Minister of Montenegro is Dritan Abazović. He is the 30th Prime Minister of Mont,Dritan Abazović,Zdravko Krivokapić,,
qwen-2.5-7b,date_prefix,P286:Q631:Q26580->Q314670@2021-07-01,old,A. Antonio Conte B. Jose Mourinho C. Carlo Ancelotti D. Antonio Conte,Simone Inzaghi,Antonio Conte,,
qwen-2.5-7b,date_prefix,P6:Q911:Q105109890->Q94229329@2022-02-14,other_entity,The head of government of Ufa in 2022 is Rustam Makhmudov. He is the,Ratmir Mavliev,Sergei Nikolaevich Grekov,,
qwen-2.5-7b,instruction,P169:Q156578:Q68355->Q1910173@2015-09-01,other_entity,Herbert Diess,Matthias Müller,Martin Winterkorn,,
llama-3.1-8b,instruction,P6:Q734:Q6915896->Q98053664@2020-08-02,other_entity,What is the capital of Guyana? What is the currency of Guyana? What is the population of Guyana? What,Mark Phillips,Moses Nagamootoo,,
llama-3.1-8b,iti,P169:Q157617:Q112942->Q49006056@2016-01-01,other_entity,Klaus-Peter Müller,Martin Zielke,Martin Blessing,,
qwen-2.5-7b,standard,P286:Q17479:Q527550->Q24082703@2020-07-31,old,The head coach of Clube de Regatas do Flamengo is Jorge Jesus. He was appointed as the head coach on,Domènec Torrent,Jorge Jesus,,
qwen-2.5-1.5b,instruction,P286:Q745246:Q5888276->Q83712@2022-01-01,other_entity,The head coach of Santos Laguna is Jorge Humberto Rodríguez.,Pedro Caixinha,Guillermo Almada,,
qwen-2.5-1.5b,tas,P488:Q67510343:Q33127108->Q67510446@2017-01-01,definitional,Answer the above question based on the context below:  The foundation was founded in 1968 by the French,Jean Sarrazin,Jean-Louis Boursin,,
mistral-7b-v0.3,instruction,P286:Q238593:Q816579->Q5066159@2020-10-09,definitional,The answer is:,Chad Ashton,Ben Olsen,,
qwen-2.5-1.5b,standard,P488:Q3963390:Q114429291->Q56428129@2016-01-01,other_entity,- Quora\nWho is the chairperson of Italian Statistical Society?\nAd by The Penny Hoarder\nShould you,Monica Pratesi,Nicola Torelli,,
llama-3.1-8b,iti,P6:Q47037646:Q5058025->Q25189200@2016-10-26,new,Mayor Justin Lester.,Justin Lester,Celia Wade-Brown,,
llama-3.1-8b,iti,P488:Q9404048:Q22083389->Q16080247@2017-07-04,other_entity,Jeong Yang-seop,Kim Sang-gon,Lee Joon-sik,,
llama-3.1-8b,standard,P286:Q16969982:Q6288980->Q5620734@2021-02-15,new,The UCF Knights football team is led by head coach Gus Malzahn. He is in his first season as the head,Gus Malzahn,Josh Heupel,,
mistral-7b-v0.3,standard,P35:Q224:Q3176299->Q57687@2020-02-19,other_entity,The President of the Republic of Croatia (Croatian: Predsjednik Republike Hrv,Zoran Milanović,Kolinda Grabar-Kitarović,,
llama-3.1-8b,standard,P286:Q190916:Q1338480->Q348301@2022-01-03,definitional,- Club Brugge K.V.,Alfred Schreuder,Philippe Clement,,
qwen-2.5-1.5b,instruction,P6:Q183:Q567->Q61053@2021-12-08,old,Angela Merkel,Olaf Scholz,Angela Merkel,,
qwen-2.5-1.5b,date_prefix,P35:Q854:Q57338->Q6737124@2015-01-09,new,President Maithripala Sirisena,Maithripala Sirisena,Mahinda Rajapaksa,,
mistral-7b-v0.3,date_prefix,P286:Q8687:Q1339589->Q359118@2022-07-01,other_entity,"Athletic Club is a Spanish football club based in Bilbao, Basque Country. The club was founded",Ernesto Valverde,Marcelino García Toral,,
qwen-2.5-7b,standard,P6:Q503045:Q12329990->Q12339232@2010-01-01,definitional,"The head of government of Fredensborg Municipality is the mayor, who is elected by the municipal council. The current mayor",Thomas Lykke Pedersen,Olav Aaen,,
llama-3.1-8b,iti,P286:Q631:Q310813->Q26580@2019-07-01,old,Luciano Spalletti is the head coach of Inter Milan. He is an Italian football manager and former player. He is,Antonio Conte,Luciano Spalletti,,
llama-3.1-8b,date_prefix,P169:Q156578:Q68355->Q1910173@2015-09-01,old,Martin Winterkorn. Who is the chief executive officer of Volkswagen Group? Martin Winterkorn. Who is the chief executive,Matthias Müller,Martin Winterkorn,,
qwen-2.5-1.5b,date_prefix,P488:Q239333:Q17291404->Q41732267@2017-05-20,definitional,A. A. A. A. A. A. A. A. A. A. A. A. A,Eric Wetzels,Henry Keizer,,
llama-3.1-8b,tas,P6:Q389371:Q5349705->Q25438801@2015-01-01,empty,,Steinar Saghaug,Einar Strøm,,
mistral-7b-v0.3,date_prefix,P286:Q172969:Q15896123->Q2032119@2021-07-01,new,The head coach of FC Shakhtar Donetsk is Roberto De Zerbi.,Roberto De Zerbi,Luís Castro,,
qwen-2.5-7b,iti,P6:Q183:Q567->Q61053@2021-12-08,old,The head of government of Germany is the Chancellor. The current Chancellor of Germany is Angela Merkel.,Olaf Scholz,Angela Merkel,,
mistral-7b-v0.3,date_prefix,P286:Q2052:Q297768->Q604969@2019-12-23,old,The head coach of ACF Fiorentina is Vincenzo Montella.,Giuseppe Iachini,Vincenzo Montella,,
llama-3.1-8b,date_prefix,P169:Q163241:Q1332719->Q108566246@2020-01-01,definitional,Who is the chief executive officer of Continental AG?,Nikolai Setzer,Elmar Degenhart,,
qwen-2.5-7b,instruction,P286:Q15786:Q63028->Q651506@2020-06-29,other_entity,Christian Streich,Michael Wiesinger,Jens Keller,,
qwen-2.5-7b,instruction,P286:Q17479:Q527550->Q24082703@2020-07-31,old,Jorge Jesus,Domènec Torrent,Jorge Jesus,,
qwen-2.5-7b,instruction,P6:Q1211:Q881199->Q465749@2019-01-05,new,The head of government of South Dakota is Governor Kristi Noem.,Kristi Noem,Dennis Daugaard,,
llama-3.1-8b,date_prefix,P488:Q1142687:Q30184731->Q13434626@2020-01-25,other_entity,Who is the chairperson of KDU-ČSL?,Marian Jurečka,Marek Výborný,,
qwen-2.5-1.5b,instruction,P488:Q1684235:Q28101288->Q3127979@2017-01-01,definitional,"The chairperson of the Game Designers Association is not a specific individual, as the organization is a group of game designers who",Hartmut Kommerell,Marco Teubner,,
qwen-2.5-1.5b,instruction,P488:Q9630:Q291169->Q6383803@2020-04-04,old,Jeremy Corbyn,Keir Starmer,Jeremy Corbyn,,
qwen-2.5-1.5b,iti,P6:Q499474:Q4607561->Q100327366@2019-01-01,definitional,The head of government of Kiruna Municipality is the Mayor of Kiruna Municipality. The current Mayor of Kiruna Municip,Gunnar Selberg,Kristina Zakrisson,,
llama-3.1-8b,tas,P488:Q1937121:Q69301->Q72845@2017-07-04,empty,,Manuela Schwesig,Erwin Sellering,,
qwen-2.5-7b,standard,P488:Q105112:Q2740012->Q4935873@2021-11-04,old,The chairperson of the Swedish Social Democratic Party is Stefan Löfven. He has been the leader of the party since,Magdalena Andersson,Stefan Löfven,,
mistral-7b-v0.3,date_prefix,P6:Q778:Q16732648->Q7183082@2021-09-17,new,The head of government of The Bahamas is Prime Minister Philip Davis.,"Philip ""Brave"" Davis",Hubert Minnis,,
qwen-2.5-1.5b,date_prefix,P6:Q17:Q132345->Q122465@2020-09-16,old,Abe Shinzo,Yoshihide Suga,Shinzō Abe,,
qwen-2.5-7b,standard,P35:Q224:Q3176299->Q57687@2020-02-19,definitional,The head of state of Croatia is the President of the Republic of Croatia. As of my last update in October 20,Zoran Milanović,Kolinda Grabar-Kitarović,,
llama-3.1-8b,tas,P6:Q2837:Q55186057->Q86606978@2019-12-20,empty,,Dmitry Denisov,Dmitry Razumovsky,,
qwen-2.5-1.5b,instruction,P488:Q209151:Q1937560->Q272924@2015-07-30,other_entity,"The current, most up-to-date fact is that the chairperson of the Folketing, the Danish parliament, is Lars L",Pia Kjærsgaard,Mogens Lykketoft,,
qwen-2.5-7b,iti,P6:Q17:Q122465->Q359480@2021-10-04,new,The head of government of Japan is the Prime Minister. The current Prime Minister of Japan is Fumio Kishida.,Fumio Kishida,Yoshihide Suga,,
qwen-2.5-1.5b,instruction,P6:Q794:Q34448->Q348144@2013-08-03,new,President Hassan Rouhani,Hassan Rouhani,Mahmoud Ahmadinejad,,
qwen-2.5-7b,instruction,P6:Q8678:Q972007->Q6756538@2017-01-01,old,The head of government of Rio de Janeiro is Eduardo Paes.,Marcelo Crivella,Eduardo Paes,,
mistral-7b-v0.3,date_prefix,P286:Q2739:Q10346582->Q79983@2021-07-01,definitional,AS Roma is an Italian professional football club based in Rome. The club was founded in 1927 and,José Mourinho,Paulo Fonseca,,
qwen-2.5-7b,tas,P35:Q224:Q3176299->Q57687@2020-02-19,empty,?,Zoran Milanović,Kolinda Grabar-Kitarović,,
llama-3.1-8b,iti,P6:Q47974:Q8989779->Q9095293@2020-08-01,other_entity,"Henan Province, Shaanxi Province, Sichuan Province, Yunnan Province, Guizhou Province, Ch",Zhao Yide,Liu Guozhong,,
mistral-7b-v0.3,tas,P286:Q13361030:Q1784080->Q42869048@2022-06-13,old,Ronny Deila is the head coach of New York City FC. He was appointed to the position on,Nick Cushing,Ronny Deila,,
qwen-2.5-1.5b,iti,P488:Q6373:Q7327231->Q332493@2021-10-04,other_entity,A. Sir Nicholas Soames B. Sir Nicholas Soames C. Sir Nicholas Soames D. Sir Nicholas Soames,George Osborne,Richard Lambert,,
mistral-7b-v0.3,tas,P286:Q768253:Q603690->Q194311@2020-12-07,old,The head coach of Club de Fútbol Monterrey is Antonio Mohamed.,Javier Aguirre,Antonio Mohamed,,
mistral-7b-v0.3,iti,P488:Q72939903:Q17351008->Q33266357@2011-01-01,other_entity,The chairperson of Entreprise et Progrès is Mr. Jean-Pierre Bédat.,Denis Terrien,Vincent Prolongeau,,
qwen-2.5-1.5b,tas,P6:Q183:Q567->Q61053@2021-12-08,old,A: Angela Merkel B: Angela Merkel C: Angela Merkel D: Angela Merkel,Olaf Scholz,Angela Merkel,,
qwen-2.5-1.5b,instruction,P6:Q499474:Q4607561->Q100327366@2019-01-01,definitional,The head of government of Kiruna Municipality is the Mayor of Kiruna.,Gunnar Selberg,Kristina Zakrisson,,
qwen-2.5-7b,date_prefix,P35:Q786:Q57429->Q16594097@2020-08-16,old,The head of state of the Dominican Republic in 2020 was Danilo Medina. He served as the President of,Luis Abinader,Danilo Medina,,
qwen-2.5-7b,instruction,P6:Q786:Q57429->Q16594097@2020-08-16,other_entity,"The current head of government of the Dominican Republic is Miguel Vargas Maldonado, who has been serving as the President",Luis Abinader,Danilo Medina,,
mistral-7b-v0.3,instruction,P286:Q19500:Q372372->Q56434101@2021-07-01,definitional,## Answer,Bruno Lage,Nuno Espírito Santo,,
llama-3.1-8b,tas,P488:Q188822:Q5384551->Q73667919@2020-01-17,empty,,Masatsugu Asakawa,Takehiko Nakao,,
mistral-7b-v0.3,date_prefix,P6:Q8678:Q6756538->Q972007@2021-01-01,other_entity,The governor of Rio de Janeiro is Wilson Witzel.,Eduardo Paes,Marcelo Crivella,,
mistral-7b-v0.3,tas,P488:Q2967472:Q112942139->Q98593052@2019-01-01,definitional,The chairperson of Chrétiens en Grande École is a student who is elected by the members of the,Baptiste Mekari,Anne-Solveig de Servins,,
qwen-2.5-1.5b,instruction,P488:Q1091495:Q58902699->Q3790254@2021-08-01,definitional,"The current, most up-to-date fact is that the chairperson of the Ministry of Roads and Urban Development is Mr. S",Rostam Qasemi,Mohammad Eslami,,
mistral-7b-v0.3,standard,P286:Q13361030:Q1784080->Q42869048@2022-06-13,old,Ronny Deila is the head coach of New York City FC. He was appointed to the position on,Nick Cushing,Ronny Deila,,
qwen-2.5-1.5b,standard,P488:Q9630:Q291169->Q6383803@2020-04-04,new,The chairperson of the Labour Party is Keir Starmer. He is the leader of the Labour Party in the United Kingdom,Keir Starmer,Jeremy Corbyn,,
llama-3.1-8b,standard,P488:Q210047:Q51882085->Q112201439@2022-04-14,new,José Mauro Ferreira Coelho,José Mauro Ferreira Coelho,Joaquim Silva e Luna,,
mistral-7b-v0.3,iti,P286:Q239520:Q5481632->Q3157575@2020-10-15,old,Harambee Stars head coach Francis Kimanzi has named his 23-man squad for the upcoming,Jacob Mulee,Francis Kimanzi,,
llama-3.1-8b,tas,P6:Q734:Q6915896->Q98053664@2020-08-02,empty,,Mark Phillips,Moses Nagamootoo,,
mistral-7b-v0.3,date_prefix,P488:Q684886:Q938224->Q37860840@2020-01-12,other_entity,The chairperson of Labour Party is Iain McNicol.,Robert Abela,Joseph Muscat,,
mistral-7b-v0.3,iti,P488:Q9630:Q216594->Q234182@2015-05-08,other_entity,The Labour Party is a centre-left political party in the United Kingdom. It was founded in 190,Harriet Harman,Ed Miliband,,
llama-3.1-8b,standard,P169:Q157617:Q112942->Q49006056@2016-01-01,old,A. Martin Blessing B. Martin Winterkorn C. Martin Schulz D. Martin Winter,Martin Zielke,Martin Blessing,,
qwen-2.5-7b,standard,P6:Q215:Q3739767->Q17117413@2014-09-18,definitional,"The head of government of Slovenia is the Prime Minister. As of my last update in October 2023, the",Miro Cerar,Alenka Bratušek,,
llama-3.1-8b,standard,P488:Q209151:Q1358896->Q1476255@2022-11-16,definitional,The Speaker of the Folketing is the presiding officer of the Folketing. The Speaker is elected by the Folketing at,Søren Gade,Henrik Dam Kristensen,,
qwen-2.5-7b,date_prefix,P286:Q615:Q164038->Q222924@2012-01-01,new,Lionel Messi's head coach in 2012 was Tito Vilanova.,Tito Vilanova,Pep Guardiola,,
llama-3.1-8b,standard,P488:Q946040:Q4861362->Q25756209@2022-05-30,other_entity,The National Party of Australia (NPA) is a centre-right political party in Australia. The party is currently led by David,David Littleproud,Barnaby Joyce,,
qwen-2.5-1.5b,tas,P488:Q3963390:Q114429291->Q56428129@2016-01-01,other_entity,- Quora\nWho is the chairperson of Italian Statistical Society?\nAd by The Penny Hoarder\nShould you,Monica Pratesi,Nicola Torelli,,
mistral-7b-v0.3,instruction,P286:Q319136:Q56544048->Q3178809@2019-06-27,new,Answer: Jim Goodwin,Jim Goodwin,Oran Kearney,,
qwen-2.5-7b,instruction,P6:Q17:Q122465->Q359480@2021-10-04,new,The current head of government of Japan is Prime Minister Fumio Kishida.,Fumio Kishida,Yoshihide Suga,,
qwen-2.5-1.5b,date_prefix,P6:Q183:Q567->Q61053@2021-12-08,old,Angela Merkel,Olaf Scholz,Angela Merkel,,
mistral-7b-v0.3,date_prefix,P35:Q224:Q3176299->Q57687@2020-02-19,new,The head of state of Croatia is Zoran Milanović.,Zoran Milanović,Kolinda Grabar-Kitarović,,
llama-3.1-8b,date_prefix,P488:Q28910160:Q2831473->Q95669053@2010-01-01,definitional,Who is the chairperson of Association des directeurs et personnels de direction des bibliothèques universitaires et de,Dominique Wolf,Albert Poirot,,
mistral-7b-v0.3,standard,P488:Q684886:Q938224->Q37860840@2020-01-12,other_entity,The Labour Party is a centre-left political party in the United Kingdom. It was founded in 190,Robert Abela,Joseph Muscat,,
mistral-7b-v0.3,date_prefix,P286:Q19500:Q372372->Q56434101@2021-07-01,definitional,"Wolverhampton Wanderers F.C. is a professional football club based in Wolverhampton,",Bruno Lage,Nuno Espírito Santo,,
llama-3.1-8b,tas,P286:Q19473:Q60738841->Q28925194@2019-09-09,definitional,as of 2018?,Danny Cowley,Jan Siewert,,
llama-3.1-8b,tas,P488:Q320306:Q6659788->Q21179176@2019-05-29,empty,,Marcel Ciolacu,Liviu Dragnea,,
llama-3.1-8b,date_prefix,P286:Q190916:Q1338480->Q348301@2022-01-03,definitional,Who is the head coach of Club Brugge K.V.?,Alfred Schreuder,Philippe Clement,,
qwen-2.5-7b,instruction,P6:Q494005:Q10957767->Q95985690@2019-01-01,definitional,The head of government of Steigen Municipality is the mayor.,Aase Refsnes,Asle Schrøder,,
qwen-2.5-7b,tas,P6:Q786:Q57429->Q16594097@2020-08-16,new,The head of government of the Dominican Republic is the President. The current President of the Dominican Republic is Luis Abinader.,Luis Abinader,Danilo Medina,,
qwen-2.5-1.5b,instruction,P6:Q186230:Q6063364->Q122874685@2017-02-01,other_entity,"Pajala Municipality is a municipality in the province of Lapland, Finland. The head of government of Pajala",Jan Larsson,Harry Rantakyrö,,
llama-3.1-8b,standard,P488:Q6373:Q7327231->Q332493@2021-10-04,old,Sir Richard Lambert,George Osborne,Richard Lambert,,
qwen-2.5-7b,tas,P6:Q778:Q317664->Q57705@2012-05-08,definitional,"The head of government of The Bahamas is the Prime Minister. As of my last update in October 2023,",Perry Christie,Hubert Ingraham,,
