model,tau_rec,relation,kept,filtered_ptc,fptc_rate_among_kept
qwen-2.5-1.5b,-2.0,P35,118,12,0.1017
qwen-2.5-1.5b,-2.0,P169,38,1,0.0263
qwen-2.5-1.5b,-2.0,P6,375,36,0.096
qwen-2.5-1.5b,-2.0,P286,255,8,0.0314
qwen-2.5-1.5b,-2.0,P488,248,14,0.0565
qwen-2.5-1.5b,-2.5,P35,129,12,0.093
qwen-2.5-1.5b,-2.5,P169,58,1,0.0172
qwen-2.5-1.5b,-2.5,P6,592,42,0.0709
qwen-2.5-1.5b,-2.5,P286,459,13,0.0283
qwen-2.5-1.5b,-2.5,P488,394,19,0.0482
qwen-2.5-1.5b,-3.0,P35,137,12,0.0876
qwen-2.5-1.5b,-3.0,P169,75,1,0.0133
qwen-2.5-1.5b,-3.0,P6,920,45,0.0489
qwen-2.5-1.5b,-3.0,P286,729,18,0.0247
qwen-2.5-1.5b,-3.0,P488,605,25,0.0413
qwen-2.5-1.5b,-3.5,P35,146,12,0.0822
qwen-2.5-1.5b,-3.5,P169,97,1,0.0103
qwen-2.5-1.5b,-3.5,P6,1380,53,0.0384
qwen-2.5-1.5b,-3.5,P286,1029,22,0.0214
qwen-2.5-1.5b,-3.5,P488,866,30,0.0346
qwen-2.5-1.5b,-4.0,P35,155,12,0.0774
qwen-2.5-1.5b,-4.0,P169,114,1,0.0088
qwen-2.5-1.5b,-4.0,P6,1823,60,0.0329
qwen-2.5-1.5b,-4.0,P286,1298,27,0.0208
qwen-2.5-1.5b,-4.0,P488,1161,42,0.0362
qwen-2.5-7b,-2.0,P35,144,25,0.1736
qwen-2.5-7b,-2.0,P169,78,16,0.2051
qwen-2.5-7b,-2.0,P6,577,95,0.1646
qwen-2.5-7b,-2.0,P286,511,44,0.0861
qwen-2.5-7b,-2.0,P488,494,48,0.0972
qwen-2.5-7b,-2.5,P35,155,25,0.1613
qwen-2.5-7b,-2.5,P169,87,16,0.1839
qwen-2.5-7b,-2.5,P6,843,100,0.1186
qwen-2.5-7b,-2.5,P286,771,45,0.0584
qwen-2.5-7b,-2.5,P488,698,51,0.0731
qwen-2.5-7b,-3.0,P35,163,26,0.1595
qwen-2.5-7b,-3.0,P169,108,16,0.1481
qwen-2.5-7b,-3.0,P6,1268,105,0.0828
qwen-2.5-7b,-3.0,P286,1039,49,0.0472
qwen-2.5-7b,-3.0,P488,906,52,0.0574
qwen-2.5-7b,-3.5,P35,169,27,0.1598
qwen-2.5-7b,-3.5,P169,125,16,0.128
qwen-2.5-7b,-3.5,P6,1750,111,0.0634
qwen-2.5-7b,-3.5,P286,1315,51,0.0388
qwen-2.5-7b,-3.5,P488,1149,58,0.0505
qwen-2.5-7b,-4.0,P35,170,27,0.1588
qwen-2.5-7b,-4.0,P169,146,16,0.1096
qwen-2.5-7b,-4.0,P6,2148,114,0.0531
qwen-2.5-7b,-4.0,P286,1574,57,0.0362
qwen-2.5-7b,-4.0,P488,1405,60,0.0427
mistral-7b-v0.3,-2.0,P35,166,40,0.241
mistral-7b-v0.3,-2.0,P169,133,22,0.1654
mistral-7b-v0.3,-2.0,P6,970,145,0.1495
mistral-7b-v0.3,-2.0,P286,1440,144,0.1
mistral-7b-v0.3,-2.0,P488,916,91,0.0993
mistral-7b-v0.3,-2.5,P35,174,40,0.2299
mistral-7b-v0.3,-2.5,P169,148,22,0.1486
mistral-7b-v0.3,-2.5,P6,1408,153,0.1087
mistral-7b-v0.3,-2.5,P286,1694,150,0.0885
mistral-7b-v0.3,-2.5,P488,1180,97,0.0822
mistral-7b-v0.3,-3.0,P35,176,40,0.2273
mistral-7b-v0.3,-3.0,P169,162,22,0.1358
mistral-7b-v0.3,-3.0,P6,1937,166,0.0857
mistral-7b-v0.3,-3.0,P286,1934,154,0.0796
mistral-7b-v0.3,-3.0,P488,1440,99,0.0688
mistral-7b-v0.3,-3.5,P35,179,40,0.2235
mistral-7b-v0.3,-3.5,P169,177,23,0.1299
mistral-7b-v0.3,-3.5,P6,2438,175,0.0718
mistral-7b-v0.3,-3.5,P286,2076,155,0.0747
mistral-7b-v0.3,-3.5,P488,1691,105,0.0621
mistral-7b-v0.3,-4.0,P35,179,40,0.2235
mistral-7b-v0.3,-4.0,P169,186,23,0.1237
mistral-7b-v0.3,-4.0,P6,2871,180,0.0627
mistral-7b-v0.3,-4.0,P286,2192,155,0.0707
mistral-7b-v0.3,-4.0,P488,1894,110,0.0581
llama-3.1-8b,-2.0,P35,168,43,0.256
llama-3.1-8b,-2.0,P169,130,25,0.1923
llama-3.1-8b,-2.0,P6,1195,181,0.1515
llama-3.1-8b,-2.0,P286,1498,168,0.1121
llama-3.1-8b,-2.0,P488,1013,139,0.1372
llama-3.1-8b,-2.5,P35,173,43,0.2486
llama-3.1-8b,-2.5,P169,144,25,0.1736
llama-3.1-8b,-2.5,P6,1571,191,0.1216
llama-3.1-8b,-2.5,P286,1771,176,0.0994
llama-3.1-8b,-2.5,P488,1277,144,0.1128
llama-3.1-8b,-3.0,P35,174,43,0.2471
llama-3.1-8b,-3.0,P169,158,25,0.1582
llama-3.1-8b,-3.0,P6,2025,202,0.0998
llama-3.1-8b,-3.0,P286,1944,178,0.0916
llama-3.1-8b,-3.0,P488,1480,149,0.1007
llama-3.1-8b,-3.5,P35,176,43,0.2443
llama-3.1-8b,-3.5,P169,171,25,0.1462
llama-3.1-8b,-3.5,P6,2447,209,0.0854
llama-3.1-8b,-3.5,P286,2067,181,0.0876
llama-3.1-8b,-3.5,P488,1673,152,0.0909
llama-3.1-8b,-4.0,P35,179,43,0.2402
llama-3.1-8b,-4.0,P169,181,25,0.1381
llama-3.1-8b,-4.0,P6,2764,211,0.0763
llama-3.1-8b,-4.0,P286,2162,181,0.0837
llama-3.1-8b,-4.0,P488,1827,156,0.0854
