split,layer,n,afr,ci_lo,ci_hi,n_flips
train,0,149,0.0,0.0,0.0,0
train,1,149,0.0134,0.0,0.0336,2
train,2,149,0.0336,0.0067,0.0671,5
train,3,149,0.0604,0.0268,0.1007,9
train,4,149,0.0738,0.0336,0.1208,11
train,5,149,0.1007,0.0537,0.1544,15
train,6,149,0.1007,0.0537,0.1544,15
train,7,149,0.1275,0.0738,0.1812,19
train,8,149,0.1477,0.094,0.2081,22
train,9,149,0.1275,0.0738,0.1812,19
train,10,149,0.1342,0.0805,0.1946,20
train,11,149,0.1544,0.1007,0.2148,23
train,12,149,0.1611,0.1074,0.2215,24
train,13,149,0.1544,0.1007,0.2148,23
train,14,149,0.1812,0.1208,0.2416,27
train,15,149,0.2013,0.1409,0.2685,30
train,16,149,0.2416,0.1745,0.3087,36
train,17,149,0.2148,0.1477,0.2819,32
train,18,149,0.2416,0.1745,0.3089,36
train,19,149,0.302,0.2282,0.3758,45
train,20,149,0.3221,0.2483,0.396,48
train,21,149,0.349,0.2752,0.4228,52
train,22,149,0.8255,0.7651,0.8859,123
train,23,149,0.8456,0.7852,0.8993,126
train,24,149,0.8456,0.7852,0.8993,126
train,25,149,0.8322,0.7718,0.8926,124
train,26,149,0.8523,0.7919,0.906,127
train,27,149,0.8389,0.7785,0.8926,125
all,0,248,0.0,0.0,0.0,0
all,1,248,0.0161,0.004,0.0323,4
all,2,248,0.0524,0.0282,0.0806,13
all,3,248,0.0806,0.0484,0.1169,20
all,4,248,0.0927,0.0565,0.129,23
all,5,248,0.1129,0.0766,0.1532,28
all,6,248,0.0968,0.0605,0.1331,24
all,7,248,0.1371,0.0968,0.1815,34
all,8,248,0.1573,0.1129,0.2056,39
all,9,248,0.1371,0.0968,0.1815,34
all,10,248,0.1452,0.1048,0.1895,36
all,11,248,0.1573,0.1129,0.2056,39
all,12,248,0.1774,0.1331,0.2258,44
all,13,248,0.1774,0.1331,0.2258,44
all,14,248,0.2016,0.1532,0.25,50
all,15,248,0.2137,0.1653,0.2661,53
all,16,248,0.2581,0.2056,0.3145,64
all,17,248,0.2218,0.1734,0.2742,55
all,18,248,0.246,0.1935,0.3024,61
all,19,248,0.3185,0.2621,0.379,79
all,20,248,0.3548,0.2984,0.4153,88
all,21,248,0.375,0.3145,0.4355,93
all,22,248,0.8306,0.7823,0.875,206
all,23,248,0.8508,0.8065,0.8952,211
all,24,248,0.8387,0.7903,0.8831,208
all,25,248,0.8347,0.7863,0.879,207
all,26,248,0.8468,0.7984,0.8911,210
all,27,248,0.8387,0.7903,0.8831,208
test,0,28,0.0,0.0,0.0,0
test,1,28,0.0,0.0,0.0,0
test,2,28,0.0,0.0,0.0,0
test,3,28,0.1071,0.0,0.2143,3
test,4,28,0.1429,0.0357,0.2857,4
test,5,28,0.1786,0.0357,0.3214,5
test,6,28,0.1429,0.0357,0.2857,4
test,7,28,0.1429,0.0357,0.2857,4
test,8,28,0.1429,0.0357,0.2857,4
test,9,28,0.1429,0.0357,0.2857,4
test,10,28,0.1786,0.0357,0.3214,5
test,11,28,0.1786,0.0357,0.3214,5
test,12,28,0.1786,0.0357,0.3214,5
test,13,28,0.2143,0.0714,0.3571,6
test,14,28,0.2143,0.0714,0.3571,6
test,15,28,0.2143,0.0714,0.3571,6
test,16,28,0.3214,0.1786,0.5,9
test,17,28,0.25,0.1071,0.4286,7
test,18,28,0.25,0.1071,0.4286,7
test,19,28,0.3929,0.2143,0.5714,11
test,20,28,0.5,0.3214,0.6786,14
test,21,28,0.5,0.3214,0.6786,14
test,22,28,0.8571,0.7143,0.9643,24
test,23,28,0.8571,0.7143,0.9643,24
test,24,28,0.8571,0.7143,0.9643,24
test,25,28,0.8571,0.7143,0.9643,24
test,26,28,0.8571,0.7143,0.9643,24
test,27,28,0.8571,0.7143,0.9643,24
calibration,0,27,0.0,0.0,0.0,0
calibration,1,27,0.0741,0.0,0.1852,2
calibration,2,27,0.1481,0.037,0.2963,4
calibration,3,27,0.1481,0.037,0.2963,4
calibration,4,27,0.1481,0.037,0.2963,4
calibration,5,27,0.1852,0.037,0.3333,5
calibration,6,27,0.1111,0.0,0.2222,3
calibration,7,27,0.2222,0.0741,0.3704,6
calibration,8,27,0.2593,0.1111,0.4444,7
calibration,9,27,0.1852,0.037,0.3333,5
calibration,10,27,0.2222,0.0741,0.3704,6
calibration,11,27,0.2222,0.0741,0.3704,6
calibration,12,27,0.2593,0.1111,0.4444,7
calibration,13,27,0.2593,0.1111,0.4444,7
calibration,14,27,0.2593,0.1111,0.4444,7
calibration,15,27,0.2593,0.1111,0.4444,7
calibration,16,27,0.2593,0.1111,0.4444,7
calibration,17,27,0.1852,0.037,0.3333,5
calibration,18,27,0.2593,0.1111,0.4444,7
calibration,19,27,0.3333,0.1481,0.5185,9
calibration,20,27,0.4074,0.2222,0.5926,11
calibration,21,27,0.4444,0.2593,0.6296,12
calibration,22,27,0.8148,0.6667,0.963,22
calibration,23,27,0.8519,0.7037,0.963,23
calibration,24,27,0.7778,0.6296,0.9259,21
calibration,25,27,0.7778,0.6296,0.9259,21
calibration,26,27,0.8148,0.6667,0.963,22
calibration,27,27,0.8148,0.6667,0.963,22
validation,0,44,0.0,0.0,0.0,0
validation,1,44,0.0,0.0,0.0,0
validation,2,44,0.0909,0.0227,0.1818,4
validation,3,44,0.0909,0.0227,0.1818,4
validation,4,44,0.0909,0.0227,0.1818,4
validation,5,44,0.0682,0.0,0.1591,3
validation,6,44,0.0455,0.0,0.1136,2
validation,7,44,0.1136,0.0227,0.2045,5
validation,8,44,0.1364,0.0455,0.25,6
validation,9,44,0.1364,0.0455,0.25,6
validation,10,44,0.1136,0.0227,0.2045,5
validation,11,44,0.1136,0.0227,0.2045,5
validation,12,44,0.1818,0.0682,0.2955,8
validation,13,44,0.1818,0.0682,0.2955,8
validation,14,44,0.2273,0.1136,0.3636,10
validation,15,44,0.2273,0.1136,0.3636,10
validation,16,44,0.2727,0.1364,0.4091,12
validation,17,44,0.25,0.1364,0.3864,11
validation,18,44,0.25,0.1364,0.3864,11
validation,19,44,0.3182,0.1818,0.4545,14
validation,20,44,0.3409,0.2045,0.4773,15
validation,21,44,0.3409,0.2045,0.4773,15
validation,22,44,0.8409,0.7273,0.9318,37
validation,23,44,0.8636,0.75,0.9545,38
validation,24,44,0.8409,0.7273,0.9318,37
validation,25,44,0.8636,0.75,0.9545,38
validation,26,44,0.8409,0.7273,0.9318,37
validation,27,44,0.8409,0.7273,0.9318,37
val+test,0,72,0.0,0.0,0.0,0
val+test,1,72,0.0,0.0,0.0,0
val+test,2,72,0.0556,0.0139,0.1111,4
val+test,3,72,0.0972,0.0417,0.1667,7
val+test,4,72,0.1111,0.0417,0.1944,8
val+test,5,72,0.1111,0.0417,0.1944,8
val+test,6,72,0.0833,0.0278,0.1528,6
val+test,7,72,0.125,0.0556,0.2083,9
val+test,8,72,0.1389,0.0694,0.2222,10
val+test,9,72,0.1389,0.0694,0.2222,10
val+test,10,72,0.1389,0.0694,0.2222,10
val+test,11,72,0.1389,0.0694,0.2222,10
val+test,12,72,0.1806,0.0972,0.2778,13
val+test,13,72,0.1944,0.1111,0.2917,14
val+test,14,72,0.2222,0.125,0.3194,16
val+test,15,72,0.2222,0.125,0.3194,16
val+test,16,72,0.2917,0.1944,0.4028,21
val+test,17,72,0.25,0.1528,0.3472,18
val+test,18,72,0.25,0.1528,0.3472,18
val+test,19,72,0.3472,0.2361,0.4583,25
val+test,20,72,0.4028,0.2917,0.5139,29
val+test,21,72,0.4028,0.2917,0.5139,29
val+test,22,72,0.8472,0.7639,0.9167,61
val+test,23,72,0.8611,0.7778,0.9306,62
val+test,24,72,0.8472,0.7639,0.9167,61
val+test,25,72,0.8611,0.7778,0.9306,62
val+test,26,72,0.8472,0.7639,0.9167,61
val+test,27,72,0.8472,0.7639,0.9167,61
